id,id_project,title,id_user,rating,image
1,46,title 1,50,3,http://dummyimage.com/235x100.png/5fa2dd/ffffff
2,18,title 2,42,5,http://dummyimage.com/187x100.png/dddddd/000000
3,60,title 3,10,2,http://dummyimage.com/165x100.png/cc0000/ffffff
4,75,title 4,8,1,http://dummyimage.com/136x100.png/cc0000/ffffff
5,76,title 5,25,4,http://dummyimage.com/154x100.png/dddddd/000000
6,91,title 6,15,1,http://dummyimage.com/227x100.png/dddddd/000000
7,19,title 7,12,4,http://dummyimage.com/190x100.png/ff4444/ffffff
8,33,title 8,25,3,http://dummyimage.com/133x100.png/ff4444/ffffff
9,96,title 9,13,1,http://dummyimage.com/206x100.png/ff4444/ffffff
10,91,title 10,47,4,http://dummyimage.com/214x100.png/5fa2dd/ffffff
11,55,title 11,44,1,http://dummyimage.com/228x100.png/ff4444/ffffff
12,96,title 12,7,2,http://dummyimage.com/195x100.png/cc0000/ffffff
13,96,title 13,23,3,http://dummyimage.com/238x100.png/dddddd/000000
14,87,title 14,14,3,http://dummyimage.com/190x100.png/ff4444/ffffff
15,79,title 15,37,2,http://dummyimage.com/219x100.png/5fa2dd/ffffff
16,26,title 16,48,3,http://dummyimage.com/207x100.png/dddddd/000000
17,16,title 17,45,3,http://dummyimage.com/142x100.png/cc0000/ffffff
18,90,title 18,45,4,http://dummyimage.com/228x100.png/ff4444/ffffff
19,32,title 19,4,5,http://dummyimage.com/142x100.png/dddddd/000000
20,27,title 20,6,5,http://dummyimage.com/246x100.png/5fa2dd/ffffff
21,16,title 21,49,3,http://dummyimage.com/201x100.png/ff4444/ffffff
22,4,title 22,4,5,http://dummyimage.com/220x100.png/5fa2dd/ffffff
23,55,title 23,13,4,http://dummyimage.com/212x100.png/cc0000/ffffff
24,68,title 24,37,5,http://dummyimage.com/216x100.png/5fa2dd/ffffff
25,92,title 25,42,2,http://dummyimage.com/247x100.png/5fa2dd/ffffff
26,83,title 26,6,5,http://dummyimage.com/223x100.png/ff4444/ffffff
27,74,title 27,5,2,http://dummyimage.com/243x100.png/cc0000/ffffff
28,64,title 28,26,2,http://dummyimage.com/111x100.png/dddddd/000000
29,6,title 29,33,1,http://dummyimage.com/236x100.png/5fa2dd/ffffff
30,25,title 30,23,4,http://dummyimage.com/149x100.png/ff4444/ffffff
31,79,title 31,36,2,http://dummyimage.com/105x100.png/dddddd/000000
32,18,title 32,49,3,http://dummyimage.com/184x100.png/5fa2dd/ffffff
33,82,title 33,14,3,http://dummyimage.com/184x100.png/dddddd/000000
34,91,title 34,34,3,http://dummyimage.com/171x100.png/dddddd/000000
35,72,title 35,40,3,http://dummyimage.com/153x100.png/5fa2dd/ffffff
36,23,title 36,31,4,http://dummyimage.com/234x100.png/cc0000/ffffff
37,59,title 37,35,1,http://dummyimage.com/131x100.png/dddddd/000000
38,27,title 38,19,4,http://dummyimage.com/110x100.png/ff4444/ffffff
39,77,title 39,30,1,http://dummyimage.com/243x100.png/5fa2dd/ffffff
40,47,title 40,49,5,http://dummyimage.com/122x100.png/5fa2dd/ffffff
41,6,title 41,41,3,http://dummyimage.com/234x100.png/cc0000/ffffff
42,92,title 42,1,3,http://dummyimage.com/112x100.png/5fa2dd/ffffff
43,62,title 43,45,4,http://dummyimage.com/164x100.png/cc0000/ffffff
44,41,title 44,49,4,http://dummyimage.com/169x100.png/ff4444/ffffff
45,19,title 45,21,2,http://dummyimage.com/191x100.png/dddddd/000000
46,66,title 46,19,3,http://dummyimage.com/151x100.png/ff4444/ffffff
47,8,title 47,7,4,http://dummyimage.com/184x100.png/5fa2dd/ffffff
48,45,title 48,49,4,http://dummyimage.com/166x100.png/5fa2dd/ffffff
49,31,title 49,40,5,http://dummyimage.com/162x100.png/cc0000/ffffff
50,34,title 50,23,1,http://dummyimage.com/106x100.png/ff4444/ffffff
51,100,title 51,11,1,http://dummyimage.com/141x100.png/dddddd/000000
52,1,title 52,16,3,http://dummyimage.com/102x100.png/cc0000/ffffff
53,16,title 53,19,4,http://dummyimage.com/133x100.png/cc0000/ffffff
54,31,title 54,17,5,http://dummyimage.com/205x100.png/dddddd/000000
55,41,title 55,25,4,http://dummyimage.com/227x100.png/dddddd/000000
56,10,title 56,24,2,http://dummyimage.com/156x100.png/dddddd/000000
57,16,title 57,30,5,http://dummyimage.com/216x100.png/5fa2dd/ffffff
58,86,title 58,41,4,http://dummyimage.com/201x100.png/5fa2dd/ffffff
59,10,title 59,22,1,http://dummyimage.com/207x100.png/5fa2dd/ffffff
60,59,title 60,12,5,http://dummyimage.com/213x100.png/dddddd/000000
61,18,title 61,37,4,http://dummyimage.com/233x100.png/dddddd/000000
62,91,title 62,37,1,http://dummyimage.com/156x100.png/dddddd/000000
63,3,title 63,39,5,http://dummyimage.com/207x100.png/5fa2dd/ffffff
64,47,title 64,32,1,http://dummyimage.com/241x100.png/5fa2dd/ffffff
65,46,title 65,44,3,http://dummyimage.com/166x100.png/ff4444/ffffff
66,16,title 66,35,2,http://dummyimage.com/222x100.png/5fa2dd/ffffff
67,11,title 67,16,4,http://dummyimage.com/160x100.png/ff4444/ffffff
68,34,title 68,15,5,http://dummyimage.com/175x100.png/5fa2dd/ffffff
69,25,title 69,44,4,http://dummyimage.com/113x100.png/cc0000/ffffff
70,88,title 70,5,5,http://dummyimage.com/155x100.png/dddddd/000000
71,53,title 71,18,2,http://dummyimage.com/101x100.png/ff4444/ffffff
72,35,title 72,20,1,http://dummyimage.com/140x100.png/ff4444/ffffff
73,26,title 73,28,5,http://dummyimage.com/217x100.png/cc0000/ffffff
74,60,title 74,25,3,http://dummyimage.com/221x100.png/ff4444/ffffff
75,63,title 75,8,5,http://dummyimage.com/241x100.png/dddddd/000000
76,20,title 76,43,1,http://dummyimage.com/227x100.png/5fa2dd/ffffff
77,67,title 77,16,2,http://dummyimage.com/189x100.png/5fa2dd/ffffff
78,73,title 78,38,2,http://dummyimage.com/230x100.png/ff4444/ffffff
79,82,title 79,10,4,http://dummyimage.com/250x100.png/cc0000/ffffff
80,96,title 80,15,2,http://dummyimage.com/163x100.png/ff4444/ffffff
81,80,title 81,42,3,http://dummyimage.com/178x100.png/ff4444/ffffff
82,92,title 82,40,1,http://dummyimage.com/190x100.png/ff4444/ffffff
83,11,title 83,24,1,http://dummyimage.com/213x100.png/ff4444/ffffff
84,47,title 84,4,3,http://dummyimage.com/233x100.png/5fa2dd/ffffff
85,10,title 85,30,2,http://dummyimage.com/109x100.png/cc0000/ffffff
86,57,title 86,26,5,http://dummyimage.com/176x100.png/dddddd/000000
87,21,title 87,19,3,http://dummyimage.com/140x100.png/ff4444/ffffff
88,86,title 88,31,3,http://dummyimage.com/206x100.png/ff4444/ffffff
89,7,title 89,10,4,http://dummyimage.com/235x100.png/cc0000/ffffff
90,24,title 90,42,2,http://dummyimage.com/170x100.png/dddddd/000000
91,100,title 91,35,1,http://dummyimage.com/240x100.png/dddddd/000000
92,63,title 92,8,4,http://dummyimage.com/191x100.png/ff4444/ffffff
93,6,title 93,10,3,http://dummyimage.com/151x100.png/cc0000/ffffff
94,98,title 94,26,2,http://dummyimage.com/201x100.png/cc0000/ffffff
95,86,title 95,20,3,http://dummyimage.com/240x100.png/ff4444/ffffff
96,43,title 96,23,5,http://dummyimage.com/134x100.png/cc0000/ffffff
97,69,title 97,6,5,http://dummyimage.com/219x100.png/cc0000/ffffff
98,59,title 98,17,2,http://dummyimage.com/150x100.png/cc0000/ffffff
99,92,title 99,18,1,http://dummyimage.com/137x100.png/5fa2dd/ffffff
100,7,title 100,26,5,http://dummyimage.com/211x100.png/5fa2dd/ffffff
101,9,title 101,42,5,http://dummyimage.com/186x100.png/dddddd/000000
102,53,title 102,47,5,http://dummyimage.com/162x100.png/5fa2dd/ffffff
103,48,title 103,28,3,http://dummyimage.com/125x100.png/ff4444/ffffff
104,6,title 104,21,4,http://dummyimage.com/234x100.png/5fa2dd/ffffff
105,84,title 105,36,3,http://dummyimage.com/250x100.png/ff4444/ffffff
106,13,title 106,3,5,http://dummyimage.com/150x100.png/cc0000/ffffff
107,98,title 107,34,5,http://dummyimage.com/227x100.png/dddddd/000000
108,88,title 108,46,5,http://dummyimage.com/202x100.png/ff4444/ffffff
109,71,title 109,5,3,http://dummyimage.com/103x100.png/ff4444/ffffff
110,94,title 110,14,5,http://dummyimage.com/151x100.png/ff4444/ffffff
111,58,title 111,18,1,http://dummyimage.com/204x100.png/ff4444/ffffff
112,8,title 112,16,1,http://dummyimage.com/182x100.png/5fa2dd/ffffff
113,15,title 113,8,5,http://dummyimage.com/245x100.png/5fa2dd/ffffff
114,57,title 114,40,1,http://dummyimage.com/114x100.png/ff4444/ffffff
115,65,title 115,36,5,http://dummyimage.com/119x100.png/cc0000/ffffff
116,84,title 116,17,3,http://dummyimage.com/189x100.png/5fa2dd/ffffff
117,2,title 117,10,2,http://dummyimage.com/156x100.png/cc0000/ffffff
118,73,title 118,1,5,http://dummyimage.com/242x100.png/ff4444/ffffff
119,55,title 119,13,5,http://dummyimage.com/204x100.png/ff4444/ffffff
120,72,title 120,49,4,http://dummyimage.com/178x100.png/5fa2dd/ffffff
121,50,title 121,36,2,http://dummyimage.com/149x100.png/dddddd/000000
122,54,title 122,8,2,http://dummyimage.com/161x100.png/5fa2dd/ffffff
123,71,title 123,10,1,http://dummyimage.com/189x100.png/cc0000/ffffff
124,26,title 124,28,5,http://dummyimage.com/100x100.png/cc0000/ffffff
125,48,title 125,4,1,http://dummyimage.com/170x100.png/cc0000/ffffff
126,30,title 126,21,4,http://dummyimage.com/108x100.png/ff4444/ffffff
127,61,title 127,43,5,http://dummyimage.com/214x100.png/5fa2dd/ffffff
128,56,title 128,17,5,http://dummyimage.com/170x100.png/dddddd/000000
129,38,title 129,30,4,http://dummyimage.com/173x100.png/dddddd/000000
130,36,title 130,11,3,http://dummyimage.com/215x100.png/5fa2dd/ffffff
131,95,title 131,17,4,http://dummyimage.com/225x100.png/dddddd/000000
132,52,title 132,45,1,http://dummyimage.com/124x100.png/cc0000/ffffff
133,96,title 133,23,4,http://dummyimage.com/121x100.png/cc0000/ffffff
134,32,title 134,9,4,http://dummyimage.com/230x100.png/ff4444/ffffff
135,90,title 135,39,4,http://dummyimage.com/140x100.png/5fa2dd/ffffff
136,24,title 136,4,5,http://dummyimage.com/206x100.png/5fa2dd/ffffff
137,76,title 137,6,1,http://dummyimage.com/239x100.png/dddddd/000000
138,6,title 138,12,2,http://dummyimage.com/232x100.png/ff4444/ffffff
139,44,title 139,38,1,http://dummyimage.com/104x100.png/ff4444/ffffff
140,27,title 140,37,1,http://dummyimage.com/204x100.png/5fa2dd/ffffff
141,90,title 141,5,3,http://dummyimage.com/172x100.png/5fa2dd/ffffff
142,8,title 142,44,5,http://dummyimage.com/115x100.png/ff4444/ffffff
143,7,title 143,8,5,http://dummyimage.com/102x100.png/5fa2dd/ffffff
144,2,title 144,44,1,http://dummyimage.com/173x100.png/ff4444/ffffff
145,69,title 145,50,1,http://dummyimage.com/213x100.png/5fa2dd/ffffff
146,86,title 146,6,4,http://dummyimage.com/152x100.png/dddddd/000000
147,1,title 147,36,2,http://dummyimage.com/143x100.png/5fa2dd/ffffff
148,73,title 148,50,4,http://dummyimage.com/213x100.png/dddddd/000000
149,28,title 149,45,5,http://dummyimage.com/160x100.png/ff4444/ffffff
150,54,title 150,23,5,http://dummyimage.com/200x100.png/5fa2dd/ffffff
151,62,title 151,9,1,http://dummyimage.com/220x100.png/5fa2dd/ffffff
152,32,title 152,19,5,http://dummyimage.com/102x100.png/cc0000/ffffff
153,33,title 153,48,2,http://dummyimage.com/166x100.png/ff4444/ffffff
154,1,title 154,9,1,http://dummyimage.com/121x100.png/cc0000/ffffff
155,99,title 155,35,3,http://dummyimage.com/178x100.png/dddddd/000000
156,83,title 156,35,1,http://dummyimage.com/157x100.png/dddddd/000000
157,32,title 157,12,5,http://dummyimage.com/153x100.png/cc0000/ffffff
158,76,title 158,22,5,http://dummyimage.com/216x100.png/dddddd/000000
159,44,title 159,38,2,http://dummyimage.com/213x100.png/cc0000/ffffff
160,31,title 160,48,5,http://dummyimage.com/229x100.png/cc0000/ffffff
161,88,title 161,19,4,http://dummyimage.com/102x100.png/dddddd/000000
162,50,title 162,28,2,http://dummyimage.com/178x100.png/ff4444/ffffff
163,95,title 163,17,3,http://dummyimage.com/106x100.png/dddddd/000000
164,56,title 164,1,3,http://dummyimage.com/213x100.png/ff4444/ffffff
165,27,title 165,34,3,http://dummyimage.com/136x100.png/dddddd/000000
166,65,title 166,21,5,http://dummyimage.com/197x100.png/dddddd/000000
167,45,title 167,46,3,http://dummyimage.com/121x100.png/cc0000/ffffff
168,33,title 168,33,5,http://dummyimage.com/190x100.png/cc0000/ffffff
169,8,title 169,2,2,http://dummyimage.com/192x100.png/cc0000/ffffff
170,77,title 170,19,4,http://dummyimage.com/148x100.png/5fa2dd/ffffff
171,55,title 171,2,4,http://dummyimage.com/243x100.png/dddddd/000000
172,89,title 172,14,1,http://dummyimage.com/239x100.png/dddddd/000000
173,53,title 173,11,1,http://dummyimage.com/149x100.png/cc0000/ffffff
174,100,title 174,38,2,http://dummyimage.com/218x100.png/ff4444/ffffff
175,22,title 175,19,2,http://dummyimage.com/233x100.png/dddddd/000000
176,57,title 176,24,2,http://dummyimage.com/198x100.png/5fa2dd/ffffff
177,58,title 177,16,5,http://dummyimage.com/167x100.png/dddddd/000000
178,54,title 178,30,1,http://dummyimage.com/228x100.png/ff4444/ffffff
179,8,title 179,22,1,http://dummyimage.com/181x100.png/ff4444/ffffff
180,85,title 180,34,3,http://dummyimage.com/107x100.png/cc0000/ffffff
181,55,title 181,25,2,http://dummyimage.com/244x100.png/cc0000/ffffff
182,75,title 182,47,3,http://dummyimage.com/123x100.png/cc0000/ffffff
183,55,title 183,3,3,http://dummyimage.com/103x100.png/dddddd/000000
184,28,title 184,21,5,http://dummyimage.com/144x100.png/cc0000/ffffff
185,42,title 185,48,5,http://dummyimage.com/183x100.png/cc0000/ffffff
186,38,title 186,35,2,http://dummyimage.com/126x100.png/5fa2dd/ffffff
187,72,title 187,23,1,http://dummyimage.com/124x100.png/ff4444/ffffff
188,65,title 188,15,3,http://dummyimage.com/219x100.png/ff4444/ffffff
189,49,title 189,6,1,http://dummyimage.com/244x100.png/cc0000/ffffff
190,31,title 190,35,5,http://dummyimage.com/158x100.png/dddddd/000000
191,74,title 191,12,3,http://dummyimage.com/206x100.png/cc0000/ffffff
192,72,title 192,15,1,http://dummyimage.com/218x100.png/dddddd/000000
193,87,title 193,49,5,http://dummyimage.com/120x100.png/dddddd/000000
194,21,title 194,22,4,http://dummyimage.com/151x100.png/dddddd/000000
195,41,title 195,42,5,http://dummyimage.com/196x100.png/ff4444/ffffff
196,46,title 196,14,5,http://dummyimage.com/101x100.png/ff4444/ffffff
197,77,title 197,49,2,http://dummyimage.com/181x100.png/5fa2dd/ffffff
198,69,title 198,50,3,http://dummyimage.com/241x100.png/5fa2dd/ffffff
199,63,title 199,39,4,http://dummyimage.com/162x100.png/ff4444/ffffff
200,59,title 200,47,4,http://dummyimage.com/158x100.png/5fa2dd/ffffff
201,75,title 201,10,3,http://dummyimage.com/239x100.png/ff4444/ffffff
202,88,title 202,42,2,http://dummyimage.com/146x100.png/cc0000/ffffff
203,1,title 203,27,5,http://dummyimage.com/237x100.png/5fa2dd/ffffff
204,77,title 204,27,4,http://dummyimage.com/160x100.png/dddddd/000000
205,22,title 205,29,1,http://dummyimage.com/145x100.png/cc0000/ffffff
206,9,title 206,30,4,http://dummyimage.com/167x100.png/cc0000/ffffff
207,67,title 207,14,4,http://dummyimage.com/145x100.png/cc0000/ffffff
208,99,title 208,6,1,http://dummyimage.com/165x100.png/5fa2dd/ffffff
209,85,title 209,17,3,http://dummyimage.com/172x100.png/dddddd/000000
210,13,title 210,34,5,http://dummyimage.com/108x100.png/5fa2dd/ffffff
211,37,title 211,24,4,http://dummyimage.com/238x100.png/cc0000/ffffff
212,18,title 212,39,1,http://dummyimage.com/105x100.png/dddddd/000000
213,73,title 213,23,1,http://dummyimage.com/183x100.png/cc0000/ffffff
214,88,title 214,29,5,http://dummyimage.com/100x100.png/ff4444/ffffff
215,90,title 215,32,4,http://dummyimage.com/221x100.png/cc0000/ffffff
216,13,title 216,40,1,http://dummyimage.com/227x100.png/dddddd/000000
217,76,title 217,41,1,http://dummyimage.com/235x100.png/ff4444/ffffff
218,32,title 218,44,5,http://dummyimage.com/122x100.png/5fa2dd/ffffff
219,40,title 219,32,3,http://dummyimage.com/147x100.png/5fa2dd/ffffff
220,99,title 220,10,5,http://dummyimage.com/134x100.png/ff4444/ffffff
221,24,title 221,5,4,http://dummyimage.com/119x100.png/5fa2dd/ffffff
222,53,title 222,46,5,http://dummyimage.com/137x100.png/5fa2dd/ffffff
223,82,title 223,25,4,http://dummyimage.com/188x100.png/cc0000/ffffff
224,62,title 224,15,4,http://dummyimage.com/126x100.png/ff4444/ffffff
225,80,title 225,1,1,http://dummyimage.com/210x100.png/ff4444/ffffff
226,35,title 226,17,1,http://dummyimage.com/148x100.png/dddddd/000000
227,11,title 227,39,1,http://dummyimage.com/244x100.png/5fa2dd/ffffff
228,92,title 228,1,3,http://dummyimage.com/234x100.png/5fa2dd/ffffff
229,51,title 229,22,4,http://dummyimage.com/179x100.png/ff4444/ffffff
230,12,title 230,42,1,http://dummyimage.com/209x100.png/5fa2dd/ffffff
231,94,title 231,4,1,http://dummyimage.com/109x100.png/dddddd/000000
232,90,title 232,24,1,http://dummyimage.com/135x100.png/dddddd/000000
233,25,title 233,6,1,http://dummyimage.com/155x100.png/dddddd/000000
234,73,title 234,40,3,http://dummyimage.com/120x100.png/5fa2dd/ffffff
235,49,title 235,37,3,http://dummyimage.com/136x100.png/ff4444/ffffff
236,80,title 236,32,2,http://dummyimage.com/161x100.png/5fa2dd/ffffff
237,35,title 237,19,4,http://dummyimage.com/244x100.png/cc0000/ffffff
238,75,title 238,25,5,http://dummyimage.com/174x100.png/ff4444/ffffff
239,73,title 239,26,4,http://dummyimage.com/199x100.png/cc0000/ffffff
240,73,title 240,10,2,http://dummyimage.com/231x100.png/ff4444/ffffff
241,65,title 241,26,2,http://dummyimage.com/119x100.png/5fa2dd/ffffff
242,87,title 242,45,4,http://dummyimage.com/247x100.png/5fa2dd/ffffff
243,74,title 243,40,3,http://dummyimage.com/113x100.png/dddddd/000000
244,26,title 244,50,1,http://dummyimage.com/150x100.png/cc0000/ffffff
245,55,title 245,37,4,http://dummyimage.com/125x100.png/cc0000/ffffff
246,21,title 246,49,5,http://dummyimage.com/101x100.png/5fa2dd/ffffff
247,18,title 247,24,2,http://dummyimage.com/102x100.png/cc0000/ffffff
248,37,title 248,23,2,http://dummyimage.com/141x100.png/5fa2dd/ffffff
249,83,title 249,49,4,http://dummyimage.com/250x100.png/cc0000/ffffff
250,42,title 250,19,5,http://dummyimage.com/129x100.png/cc0000/ffffff
251,32,title 251,40,5,http://dummyimage.com/224x100.png/dddddd/000000
252,75,title 252,30,2,http://dummyimage.com/243x100.png/5fa2dd/ffffff
253,82,title 253,49,3,http://dummyimage.com/128x100.png/dddddd/000000
254,86,title 254,9,2,http://dummyimage.com/205x100.png/cc0000/ffffff
255,56,title 255,44,4,http://dummyimage.com/178x100.png/ff4444/ffffff
256,69,title 256,50,2,http://dummyimage.com/166x100.png/ff4444/ffffff
257,59,title 257,49,5,http://dummyimage.com/237x100.png/5fa2dd/ffffff
258,15,title 258,34,2,http://dummyimage.com/233x100.png/dddddd/000000
259,91,title 259,7,2,http://dummyimage.com/138x100.png/dddddd/000000
260,75,title 260,35,5,http://dummyimage.com/157x100.png/dddddd/000000
261,75,title 261,19,5,http://dummyimage.com/175x100.png/cc0000/ffffff
262,43,title 262,21,1,http://dummyimage.com/138x100.png/5fa2dd/ffffff
263,99,title 263,24,1,http://dummyimage.com/101x100.png/ff4444/ffffff
264,86,title 264,8,4,http://dummyimage.com/191x100.png/cc0000/ffffff
265,84,title 265,42,4,http://dummyimage.com/172x100.png/ff4444/ffffff
266,37,title 266,42,4,http://dummyimage.com/152x100.png/dddddd/000000
267,6,title 267,18,5,http://dummyimage.com/115x100.png/dddddd/000000
268,98,title 268,7,4,http://dummyimage.com/158x100.png/cc0000/ffffff
269,19,title 269,10,4,http://dummyimage.com/110x100.png/cc0000/ffffff
270,28,title 270,5,3,http://dummyimage.com/227x100.png/5fa2dd/ffffff
271,70,title 271,31,1,http://dummyimage.com/170x100.png/5fa2dd/ffffff
272,32,title 272,39,3,http://dummyimage.com/239x100.png/dddddd/000000
273,36,title 273,7,4,http://dummyimage.com/223x100.png/dddddd/000000
274,81,title 274,30,5,http://dummyimage.com/137x100.png/5fa2dd/ffffff
275,92,title 275,11,2,http://dummyimage.com/171x100.png/5fa2dd/ffffff
276,17,title 276,38,2,http://dummyimage.com/131x100.png/ff4444/ffffff
277,16,title 277,28,3,http://dummyimage.com/121x100.png/5fa2dd/ffffff
278,10,title 278,8,3,http://dummyimage.com/171x100.png/ff4444/ffffff
279,87,title 279,27,4,http://dummyimage.com/198x100.png/ff4444/ffffff
280,58,title 280,39,5,http://dummyimage.com/199x100.png/ff4444/ffffff
281,21,title 281,17,4,http://dummyimage.com/140x100.png/ff4444/ffffff
282,33,title 282,41,3,http://dummyimage.com/227x100.png/5fa2dd/ffffff
283,76,title 283,10,3,http://dummyimage.com/102x100.png/ff4444/ffffff
284,42,title 284,10,1,http://dummyimage.com/132x100.png/ff4444/ffffff
285,88,title 285,4,4,http://dummyimage.com/129x100.png/ff4444/ffffff
286,54,title 286,18,2,http://dummyimage.com/200x100.png/cc0000/ffffff
287,60,title 287,43,5,http://dummyimage.com/178x100.png/ff4444/ffffff
288,15,title 288,32,3,http://dummyimage.com/173x100.png/ff4444/ffffff
289,12,title 289,14,2,http://dummyimage.com/145x100.png/ff4444/ffffff
290,77,title 290,43,3,http://dummyimage.com/240x100.png/5fa2dd/ffffff
291,12,title 291,11,4,http://dummyimage.com/240x100.png/5fa2dd/ffffff
292,61,title 292,50,3,http://dummyimage.com/230x100.png/dddddd/000000
293,45,title 293,40,1,http://dummyimage.com/204x100.png/cc0000/ffffff
294,12,title 294,18,4,http://dummyimage.com/119x100.png/cc0000/ffffff
295,82,title 295,43,1,http://dummyimage.com/117x100.png/5fa2dd/ffffff
296,20,title 296,6,4,http://dummyimage.com/189x100.png/dddddd/000000
297,25,title 297,48,1,http://dummyimage.com/193x100.png/dddddd/000000
298,59,title 298,4,5,http://dummyimage.com/120x100.png/5fa2dd/ffffff
299,81,title 299,29,5,http://dummyimage.com/137x100.png/5fa2dd/ffffff
300,86,title 300,11,2,http://dummyimage.com/217x100.png/cc0000/ffffff
301,56,title 301,18,2,http://dummyimage.com/103x100.png/dddddd/000000
302,36,title 302,14,1,http://dummyimage.com/113x100.png/dddddd/000000
303,85,title 303,41,1,http://dummyimage.com/142x100.png/ff4444/ffffff
304,55,title 304,44,2,http://dummyimage.com/137x100.png/cc0000/ffffff
305,25,title 305,42,4,http://dummyimage.com/228x100.png/5fa2dd/ffffff
306,48,title 306,40,3,http://dummyimage.com/229x100.png/5fa2dd/ffffff
307,77,title 307,27,2,http://dummyimage.com/136x100.png/dddddd/000000
308,50,title 308,41,1,http://dummyimage.com/157x100.png/cc0000/ffffff
309,34,title 309,44,3,http://dummyimage.com/154x100.png/cc0000/ffffff
310,28,title 310,37,2,http://dummyimage.com/202x100.png/ff4444/ffffff
311,57,title 311,4,4,http://dummyimage.com/231x100.png/dddddd/000000
312,58,title 312,38,1,http://dummyimage.com/113x100.png/dddddd/000000
313,16,title 313,37,3,http://dummyimage.com/206x100.png/dddddd/000000
314,23,title 314,37,4,http://dummyimage.com/180x100.png/cc0000/ffffff
315,73,title 315,18,4,http://dummyimage.com/142x100.png/ff4444/ffffff
316,25,title 316,26,5,http://dummyimage.com/104x100.png/5fa2dd/ffffff
317,17,title 317,48,3,http://dummyimage.com/111x100.png/cc0000/ffffff
318,74,title 318,3,5,http://dummyimage.com/188x100.png/dddddd/000000
319,65,title 319,38,5,http://dummyimage.com/194x100.png/ff4444/ffffff
320,85,title 320,40,4,http://dummyimage.com/166x100.png/dddddd/000000
321,91,title 321,18,4,http://dummyimage.com/116x100.png/cc0000/ffffff
322,75,title 322,39,4,http://dummyimage.com/147x100.png/5fa2dd/ffffff
323,43,title 323,9,1,http://dummyimage.com/157x100.png/ff4444/ffffff
324,38,title 324,8,4,http://dummyimage.com/223x100.png/5fa2dd/ffffff
325,4,title 325,42,5,http://dummyimage.com/188x100.png/dddddd/000000
326,1,title 326,35,3,http://dummyimage.com/144x100.png/dddddd/000000
327,65,title 327,22,1,http://dummyimage.com/185x100.png/dddddd/000000
328,83,title 328,29,4,http://dummyimage.com/180x100.png/5fa2dd/ffffff
329,7,title 329,36,2,http://dummyimage.com/224x100.png/cc0000/ffffff
330,92,title 330,28,3,http://dummyimage.com/225x100.png/cc0000/ffffff
331,74,title 331,10,1,http://dummyimage.com/226x100.png/cc0000/ffffff
332,94,title 332,39,3,http://dummyimage.com/160x100.png/ff4444/ffffff
333,14,title 333,21,3,http://dummyimage.com/111x100.png/ff4444/ffffff
334,48,title 334,35,5,http://dummyimage.com/204x100.png/dddddd/000000
335,29,title 335,27,4,http://dummyimage.com/146x100.png/cc0000/ffffff
336,84,title 336,41,1,http://dummyimage.com/203x100.png/dddddd/000000
337,9,title 337,35,5,http://dummyimage.com/187x100.png/dddddd/000000
338,29,title 338,22,5,http://dummyimage.com/245x100.png/dddddd/000000
339,60,title 339,14,4,http://dummyimage.com/156x100.png/dddddd/000000
340,17,title 340,2,3,http://dummyimage.com/212x100.png/dddddd/000000
341,27,title 341,15,3,http://dummyimage.com/232x100.png/ff4444/ffffff
342,13,title 342,24,2,http://dummyimage.com/190x100.png/cc0000/ffffff
343,59,title 343,17,4,http://dummyimage.com/206x100.png/dddddd/000000
344,86,title 344,29,2,http://dummyimage.com/161x100.png/cc0000/ffffff
345,29,title 345,27,3,http://dummyimage.com/207x100.png/5fa2dd/ffffff
346,11,title 346,40,3,http://dummyimage.com/113x100.png/ff4444/ffffff
347,66,title 347,16,5,http://dummyimage.com/175x100.png/ff4444/ffffff
348,79,title 348,28,4,http://dummyimage.com/231x100.png/ff4444/ffffff
349,29,title 349,44,4,http://dummyimage.com/219x100.png/ff4444/ffffff
350,84,title 350,15,3,http://dummyimage.com/231x100.png/cc0000/ffffff
351,6,title 351,3,5,http://dummyimage.com/165x100.png/cc0000/ffffff
352,18,title 352,5,3,http://dummyimage.com/174x100.png/ff4444/ffffff
353,71,title 353,1,3,http://dummyimage.com/165x100.png/cc0000/ffffff
354,72,title 354,47,4,http://dummyimage.com/209x100.png/5fa2dd/ffffff
355,32,title 355,4,1,http://dummyimage.com/208x100.png/ff4444/ffffff
356,23,title 356,28,2,http://dummyimage.com/105x100.png/5fa2dd/ffffff
357,43,title 357,8,3,http://dummyimage.com/245x100.png/5fa2dd/ffffff
358,95,title 358,1,3,http://dummyimage.com/226x100.png/dddddd/000000
359,91,title 359,43,4,http://dummyimage.com/178x100.png/dddddd/000000
360,53,title 360,7,3,http://dummyimage.com/236x100.png/5fa2dd/ffffff
361,50,title 361,11,4,http://dummyimage.com/115x100.png/cc0000/ffffff
362,92,title 362,5,4,http://dummyimage.com/111x100.png/5fa2dd/ffffff
363,59,title 363,27,3,http://dummyimage.com/211x100.png/cc0000/ffffff
364,89,title 364,22,3,http://dummyimage.com/134x100.png/5fa2dd/ffffff
365,1,title 365,37,4,http://dummyimage.com/113x100.png/cc0000/ffffff
366,4,title 366,46,1,http://dummyimage.com/156x100.png/cc0000/ffffff
367,65,title 367,32,5,http://dummyimage.com/115x100.png/dddddd/000000
368,69,title 368,3,4,http://dummyimage.com/122x100.png/5fa2dd/ffffff
369,71,title 369,41,4,http://dummyimage.com/108x100.png/5fa2dd/ffffff
370,59,title 370,24,3,http://dummyimage.com/237x100.png/5fa2dd/ffffff
371,54,title 371,47,3,http://dummyimage.com/248x100.png/dddddd/000000
372,73,title 372,41,5,http://dummyimage.com/163x100.png/cc0000/ffffff
373,80,title 373,38,3,http://dummyimage.com/217x100.png/cc0000/ffffff
374,100,title 374,26,1,http://dummyimage.com/218x100.png/ff4444/ffffff
375,55,title 375,17,2,http://dummyimage.com/227x100.png/ff4444/ffffff
376,95,title 376,11,5,http://dummyimage.com/201x100.png/ff4444/ffffff
377,18,title 377,34,3,http://dummyimage.com/145x100.png/ff4444/ffffff
378,69,title 378,34,1,http://dummyimage.com/237x100.png/5fa2dd/ffffff
379,45,title 379,32,2,http://dummyimage.com/169x100.png/cc0000/ffffff
380,1,title 380,45,5,http://dummyimage.com/226x100.png/cc0000/ffffff
381,23,title 381,38,1,http://dummyimage.com/187x100.png/5fa2dd/ffffff
382,73,title 382,27,4,http://dummyimage.com/211x100.png/5fa2dd/ffffff
383,42,title 383,15,3,http://dummyimage.com/211x100.png/cc0000/ffffff
384,3,title 384,37,3,http://dummyimage.com/108x100.png/5fa2dd/ffffff
385,87,title 385,40,5,http://dummyimage.com/181x100.png/dddddd/000000
386,36,title 386,22,5,http://dummyimage.com/234x100.png/5fa2dd/ffffff
387,62,title 387,9,3,http://dummyimage.com/245x100.png/cc0000/ffffff
388,16,title 388,8,3,http://dummyimage.com/225x100.png/cc0000/ffffff
389,96,title 389,30,2,http://dummyimage.com/198x100.png/cc0000/ffffff
390,2,title 390,9,4,http://dummyimage.com/210x100.png/5fa2dd/ffffff
391,7,title 391,38,4,http://dummyimage.com/163x100.png/cc0000/ffffff
392,91,title 392,24,1,http://dummyimage.com/184x100.png/ff4444/ffffff
393,65,title 393,48,2,http://dummyimage.com/200x100.png/dddddd/000000
394,27,title 394,43,3,http://dummyimage.com/211x100.png/ff4444/ffffff
395,80,title 395,11,3,http://dummyimage.com/124x100.png/5fa2dd/ffffff
396,71,title 396,37,2,http://dummyimage.com/165x100.png/dddddd/000000
397,23,title 397,40,4,http://dummyimage.com/149x100.png/cc0000/ffffff
398,44,title 398,10,1,http://dummyimage.com/150x100.png/dddddd/000000
399,28,title 399,11,3,http://dummyimage.com/243x100.png/ff4444/ffffff
400,72,title 400,12,2,http://dummyimage.com/173x100.png/ff4444/ffffff
401,50,title 401,2,5,http://dummyimage.com/203x100.png/5fa2dd/ffffff
402,43,title 402,45,2,http://dummyimage.com/110x100.png/cc0000/ffffff
403,46,title 403,10,1,http://dummyimage.com/238x100.png/ff4444/ffffff
404,93,title 404,13,2,http://dummyimage.com/230x100.png/dddddd/000000
405,10,title 405,35,2,http://dummyimage.com/162x100.png/dddddd/000000
406,58,title 406,31,2,http://dummyimage.com/183x100.png/dddddd/000000
407,57,title 407,48,4,http://dummyimage.com/120x100.png/ff4444/ffffff
408,66,title 408,10,3,http://dummyimage.com/106x100.png/cc0000/ffffff
409,97,title 409,47,1,http://dummyimage.com/165x100.png/5fa2dd/ffffff
410,89,title 410,4,1,http://dummyimage.com/232x100.png/ff4444/ffffff
411,14,title 411,2,4,http://dummyimage.com/187x100.png/ff4444/ffffff
412,74,title 412,30,1,http://dummyimage.com/133x100.png/cc0000/ffffff
413,60,title 413,6,2,http://dummyimage.com/177x100.png/cc0000/ffffff
414,79,title 414,40,2,http://dummyimage.com/100x100.png/dddddd/000000
415,25,title 415,20,1,http://dummyimage.com/119x100.png/5fa2dd/ffffff
416,83,title 416,21,4,http://dummyimage.com/121x100.png/5fa2dd/ffffff
417,34,title 417,34,3,http://dummyimage.com/146x100.png/5fa2dd/ffffff
418,63,title 418,24,3,http://dummyimage.com/220x100.png/cc0000/ffffff
419,14,title 419,16,3,http://dummyimage.com/103x100.png/5fa2dd/ffffff
420,53,title 420,1,4,http://dummyimage.com/221x100.png/5fa2dd/ffffff
421,60,title 421,37,2,http://dummyimage.com/164x100.png/dddddd/000000
422,47,title 422,29,5,http://dummyimage.com/189x100.png/ff4444/ffffff
423,66,title 423,6,4,http://dummyimage.com/180x100.png/ff4444/ffffff
424,37,title 424,30,5,http://dummyimage.com/216x100.png/5fa2dd/ffffff
425,47,title 425,50,1,http://dummyimage.com/106x100.png/ff4444/ffffff
426,100,title 426,2,2,http://dummyimage.com/220x100.png/dddddd/000000
427,75,title 427,12,1,http://dummyimage.com/205x100.png/5fa2dd/ffffff
428,62,title 428,13,1,http://dummyimage.com/189x100.png/5fa2dd/ffffff
429,46,title 429,49,3,http://dummyimage.com/102x100.png/dddddd/000000
430,16,title 430,5,5,http://dummyimage.com/110x100.png/ff4444/ffffff
431,14,title 431,34,2,http://dummyimage.com/213x100.png/dddddd/000000
432,21,title 432,30,5,http://dummyimage.com/157x100.png/cc0000/ffffff
433,88,title 433,14,1,http://dummyimage.com/201x100.png/dddddd/000000
434,34,title 434,6,2,http://dummyimage.com/126x100.png/ff4444/ffffff
435,22,title 435,2,5,http://dummyimage.com/109x100.png/5fa2dd/ffffff
436,56,title 436,11,5,http://dummyimage.com/169x100.png/5fa2dd/ffffff
437,47,title 437,27,4,http://dummyimage.com/123x100.png/5fa2dd/ffffff
438,98,title 438,30,4,http://dummyimage.com/224x100.png/5fa2dd/ffffff
439,48,title 439,13,3,http://dummyimage.com/221x100.png/cc0000/ffffff
440,95,title 440,34,5,http://dummyimage.com/239x100.png/5fa2dd/ffffff
441,99,title 441,46,4,http://dummyimage.com/157x100.png/5fa2dd/ffffff
442,96,title 442,35,1,http://dummyimage.com/213x100.png/ff4444/ffffff
443,19,title 443,25,3,http://dummyimage.com/192x100.png/5fa2dd/ffffff
444,34,title 444,3,3,http://dummyimage.com/216x100.png/5fa2dd/ffffff
445,34,title 445,29,5,http://dummyimage.com/118x100.png/dddddd/000000
446,85,title 446,23,1,http://dummyimage.com/118x100.png/5fa2dd/ffffff
447,63,title 447,10,4,http://dummyimage.com/167x100.png/dddddd/000000
448,66,title 448,22,4,http://dummyimage.com/165x100.png/cc0000/ffffff
449,63,title 449,50,4,http://dummyimage.com/227x100.png/5fa2dd/ffffff
450,39,title 450,3,3,http://dummyimage.com/118x100.png/5fa2dd/ffffff
451,47,title 451,5,4,http://dummyimage.com/177x100.png/ff4444/ffffff
452,12,title 452,41,2,http://dummyimage.com/176x100.png/5fa2dd/ffffff
453,44,title 453,23,5,http://dummyimage.com/201x100.png/dddddd/000000
454,13,title 454,25,4,http://dummyimage.com/190x100.png/5fa2dd/ffffff
455,17,title 455,9,1,http://dummyimage.com/198x100.png/cc0000/ffffff
456,2,title 456,1,5,http://dummyimage.com/147x100.png/cc0000/ffffff
457,8,title 457,34,2,http://dummyimage.com/236x100.png/cc0000/ffffff
458,73,title 458,22,3,http://dummyimage.com/123x100.png/5fa2dd/ffffff
459,30,title 459,35,3,http://dummyimage.com/108x100.png/dddddd/000000
460,94,title 460,12,4,http://dummyimage.com/214x100.png/ff4444/ffffff
461,1,title 461,3,2,http://dummyimage.com/156x100.png/ff4444/ffffff
462,49,title 462,16,2,http://dummyimage.com/239x100.png/cc0000/ffffff
463,100,title 463,45,5,http://dummyimage.com/123x100.png/dddddd/000000
464,75,title 464,50,1,http://dummyimage.com/217x100.png/dddddd/000000
465,9,title 465,50,4,http://dummyimage.com/141x100.png/5fa2dd/ffffff
466,6,title 466,43,2,http://dummyimage.com/179x100.png/ff4444/ffffff
467,78,title 467,1,4,http://dummyimage.com/180x100.png/ff4444/ffffff
468,23,title 468,42,4,http://dummyimage.com/225x100.png/dddddd/000000
469,95,title 469,29,4,http://dummyimage.com/130x100.png/dddddd/000000
470,1,title 470,2,4,http://dummyimage.com/143x100.png/dddddd/000000
471,81,title 471,17,5,http://dummyimage.com/241x100.png/5fa2dd/ffffff
472,47,title 472,39,4,http://dummyimage.com/180x100.png/dddddd/000000
473,91,title 473,18,1,http://dummyimage.com/117x100.png/dddddd/000000
474,91,title 474,13,4,http://dummyimage.com/244x100.png/5fa2dd/ffffff
475,9,title 475,45,2,http://dummyimage.com/203x100.png/5fa2dd/ffffff
476,26,title 476,21,2,http://dummyimage.com/129x100.png/ff4444/ffffff
477,13,title 477,17,3,http://dummyimage.com/194x100.png/5fa2dd/ffffff
478,57,title 478,19,2,http://dummyimage.com/120x100.png/dddddd/000000
479,16,title 479,24,5,http://dummyimage.com/115x100.png/dddddd/000000
480,45,title 480,17,1,http://dummyimage.com/204x100.png/ff4444/ffffff
481,20,title 481,29,5,http://dummyimage.com/143x100.png/dddddd/000000
482,53,title 482,31,3,http://dummyimage.com/119x100.png/dddddd/000000
483,8,title 483,25,1,http://dummyimage.com/193x100.png/5fa2dd/ffffff
484,50,title 484,20,3,http://dummyimage.com/148x100.png/5fa2dd/ffffff
485,27,title 485,25,2,http://dummyimage.com/118x100.png/ff4444/ffffff
486,96,title 486,30,1,http://dummyimage.com/102x100.png/dddddd/000000
487,55,title 487,21,5,http://dummyimage.com/129x100.png/cc0000/ffffff
488,59,title 488,12,5,http://dummyimage.com/147x100.png/cc0000/ffffff
489,73,title 489,39,2,http://dummyimage.com/241x100.png/dddddd/000000
490,6,title 490,48,3,http://dummyimage.com/174x100.png/cc0000/ffffff
491,51,title 491,11,1,http://dummyimage.com/114x100.png/5fa2dd/ffffff
492,70,title 492,35,5,http://dummyimage.com/164x100.png/5fa2dd/ffffff
493,31,title 493,14,4,http://dummyimage.com/177x100.png/5fa2dd/ffffff
494,16,title 494,33,1,http://dummyimage.com/178x100.png/cc0000/ffffff
495,55,title 495,38,3,http://dummyimage.com/112x100.png/ff4444/ffffff
496,47,title 496,14,1,http://dummyimage.com/215x100.png/dddddd/000000
497,19,title 497,18,3,http://dummyimage.com/195x100.png/cc0000/ffffff
498,39,title 498,15,4,http://dummyimage.com/210x100.png/ff4444/ffffff
499,27,title 499,28,3,http://dummyimage.com/157x100.png/dddddd/000000
500,39,title 500,12,4,http://dummyimage.com/136x100.png/dddddd/000000
501,29,title 501,5,1,http://dummyimage.com/187x100.png/dddddd/000000
502,60,title 502,14,1,http://dummyimage.com/101x100.png/ff4444/ffffff
503,15,title 503,15,3,http://dummyimage.com/218x100.png/dddddd/000000
504,39,title 504,5,3,http://dummyimage.com/163x100.png/5fa2dd/ffffff
505,51,title 505,15,3,http://dummyimage.com/140x100.png/dddddd/000000
506,99,title 506,43,1,http://dummyimage.com/143x100.png/cc0000/ffffff
507,70,title 507,49,3,http://dummyimage.com/234x100.png/dddddd/000000
508,16,title 508,25,1,http://dummyimage.com/178x100.png/ff4444/ffffff
509,42,title 509,2,3,http://dummyimage.com/125x100.png/5fa2dd/ffffff
510,61,title 510,27,3,http://dummyimage.com/249x100.png/cc0000/ffffff
511,53,title 511,36,4,http://dummyimage.com/131x100.png/5fa2dd/ffffff
512,78,title 512,23,2,http://dummyimage.com/180x100.png/5fa2dd/ffffff
513,83,title 513,37,1,http://dummyimage.com/199x100.png/dddddd/000000
514,56,title 514,34,4,http://dummyimage.com/104x100.png/cc0000/ffffff
515,28,title 515,47,3,http://dummyimage.com/216x100.png/5fa2dd/ffffff
516,91,title 516,34,3,http://dummyimage.com/250x100.png/cc0000/ffffff
517,85,title 517,24,2,http://dummyimage.com/226x100.png/cc0000/ffffff
518,96,title 518,35,3,http://dummyimage.com/211x100.png/ff4444/ffffff
519,100,title 519,43,2,http://dummyimage.com/234x100.png/5fa2dd/ffffff
520,22,title 520,50,2,http://dummyimage.com/232x100.png/5fa2dd/ffffff
521,51,title 521,35,1,http://dummyimage.com/203x100.png/5fa2dd/ffffff
522,21,title 522,30,4,http://dummyimage.com/100x100.png/cc0000/ffffff
523,68,title 523,42,1,http://dummyimage.com/178x100.png/ff4444/ffffff
524,89,title 524,49,4,http://dummyimage.com/248x100.png/ff4444/ffffff
525,62,title 525,43,1,http://dummyimage.com/171x100.png/ff4444/ffffff
526,80,title 526,21,4,http://dummyimage.com/150x100.png/dddddd/000000
527,77,title 527,25,1,http://dummyimage.com/207x100.png/5fa2dd/ffffff
528,65,title 528,47,1,http://dummyimage.com/235x100.png/ff4444/ffffff
529,27,title 529,22,2,http://dummyimage.com/230x100.png/cc0000/ffffff
530,37,title 530,4,2,http://dummyimage.com/226x100.png/5fa2dd/ffffff
531,53,title 531,49,5,http://dummyimage.com/144x100.png/cc0000/ffffff
532,6,title 532,27,3,http://dummyimage.com/208x100.png/dddddd/000000
533,59,title 533,44,1,http://dummyimage.com/164x100.png/ff4444/ffffff
534,67,title 534,44,4,http://dummyimage.com/131x100.png/cc0000/ffffff
535,27,title 535,46,3,http://dummyimage.com/249x100.png/ff4444/ffffff
536,83,title 536,34,4,http://dummyimage.com/128x100.png/5fa2dd/ffffff
537,68,title 537,23,2,http://dummyimage.com/119x100.png/ff4444/ffffff
538,81,title 538,49,1,http://dummyimage.com/100x100.png/dddddd/000000
539,99,title 539,39,4,http://dummyimage.com/223x100.png/ff4444/ffffff
540,82,title 540,49,4,http://dummyimage.com/115x100.png/ff4444/ffffff
541,86,title 541,21,2,http://dummyimage.com/196x100.png/ff4444/ffffff
542,50,title 542,28,4,http://dummyimage.com/120x100.png/5fa2dd/ffffff
543,94,title 543,7,4,http://dummyimage.com/224x100.png/dddddd/000000
544,4,title 544,13,3,http://dummyimage.com/178x100.png/5fa2dd/ffffff
545,67,title 545,25,4,http://dummyimage.com/158x100.png/ff4444/ffffff
546,12,title 546,11,2,http://dummyimage.com/114x100.png/dddddd/000000
547,6,title 547,2,2,http://dummyimage.com/150x100.png/ff4444/ffffff
548,16,title 548,40,3,http://dummyimage.com/224x100.png/dddddd/000000
549,16,title 549,19,5,http://dummyimage.com/186x100.png/ff4444/ffffff
550,1,title 550,33,4,http://dummyimage.com/196x100.png/5fa2dd/ffffff
551,82,title 551,22,4,http://dummyimage.com/230x100.png/5fa2dd/ffffff
552,46,title 552,25,4,http://dummyimage.com/177x100.png/dddddd/000000
553,79,title 553,45,1,http://dummyimage.com/172x100.png/cc0000/ffffff
554,72,title 554,13,3,http://dummyimage.com/177x100.png/dddddd/000000
555,48,title 555,16,1,http://dummyimage.com/136x100.png/5fa2dd/ffffff
556,9,title 556,10,1,http://dummyimage.com/190x100.png/dddddd/000000
557,1,title 557,17,4,http://dummyimage.com/185x100.png/cc0000/ffffff
558,72,title 558,10,1,http://dummyimage.com/155x100.png/cc0000/ffffff
559,66,title 559,36,3,http://dummyimage.com/243x100.png/ff4444/ffffff
560,84,title 560,11,5,http://dummyimage.com/115x100.png/5fa2dd/ffffff
561,64,title 561,19,5,http://dummyimage.com/151x100.png/ff4444/ffffff
562,13,title 562,2,2,http://dummyimage.com/225x100.png/cc0000/ffffff
563,15,title 563,45,4,http://dummyimage.com/166x100.png/dddddd/000000
564,20,title 564,42,1,http://dummyimage.com/237x100.png/cc0000/ffffff
565,23,title 565,15,1,http://dummyimage.com/226x100.png/5fa2dd/ffffff
566,84,title 566,48,5,http://dummyimage.com/179x100.png/dddddd/000000
567,25,title 567,18,3,http://dummyimage.com/201x100.png/dddddd/000000
568,21,title 568,6,3,http://dummyimage.com/161x100.png/cc0000/ffffff
569,1,title 569,40,4,http://dummyimage.com/197x100.png/ff4444/ffffff
570,46,title 570,31,1,http://dummyimage.com/189x100.png/ff4444/ffffff
571,83,title 571,8,1,http://dummyimage.com/194x100.png/5fa2dd/ffffff
572,71,title 572,4,1,http://dummyimage.com/172x100.png/5fa2dd/ffffff
573,16,title 573,36,3,http://dummyimage.com/246x100.png/dddddd/000000
574,58,title 574,50,5,http://dummyimage.com/152x100.png/dddddd/000000
575,86,title 575,14,5,http://dummyimage.com/210x100.png/cc0000/ffffff
576,24,title 576,11,4,http://dummyimage.com/215x100.png/dddddd/000000
577,69,title 577,36,1,http://dummyimage.com/165x100.png/dddddd/000000
578,34,title 578,14,3,http://dummyimage.com/183x100.png/dddddd/000000
579,46,title 579,37,1,http://dummyimage.com/143x100.png/dddddd/000000
580,90,title 580,15,5,http://dummyimage.com/173x100.png/5fa2dd/ffffff
581,40,title 581,28,1,http://dummyimage.com/164x100.png/cc0000/ffffff
582,99,title 582,31,2,http://dummyimage.com/105x100.png/dddddd/000000
583,72,title 583,21,1,http://dummyimage.com/131x100.png/cc0000/ffffff
584,6,title 584,25,5,http://dummyimage.com/117x100.png/5fa2dd/ffffff
585,67,title 585,3,3,http://dummyimage.com/199x100.png/dddddd/000000
586,81,title 586,34,3,http://dummyimage.com/240x100.png/5fa2dd/ffffff
587,27,title 587,45,3,http://dummyimage.com/231x100.png/dddddd/000000
588,64,title 588,25,1,http://dummyimage.com/195x100.png/dddddd/000000
589,33,title 589,4,3,http://dummyimage.com/215x100.png/cc0000/ffffff
590,89,title 590,20,3,http://dummyimage.com/125x100.png/5fa2dd/ffffff
591,49,title 591,40,1,http://dummyimage.com/121x100.png/5fa2dd/ffffff
592,90,title 592,43,4,http://dummyimage.com/177x100.png/5fa2dd/ffffff
593,26,title 593,21,3,http://dummyimage.com/189x100.png/cc0000/ffffff
594,4,title 594,17,3,http://dummyimage.com/194x100.png/5fa2dd/ffffff
595,17,title 595,43,1,http://dummyimage.com/113x100.png/cc0000/ffffff
596,25,title 596,4,1,http://dummyimage.com/118x100.png/cc0000/ffffff
597,1,title 597,9,5,http://dummyimage.com/115x100.png/dddddd/000000
598,50,title 598,7,4,http://dummyimage.com/196x100.png/5fa2dd/ffffff
599,19,title 599,4,5,http://dummyimage.com/162x100.png/5fa2dd/ffffff
600,96,title 600,43,2,http://dummyimage.com/121x100.png/ff4444/ffffff
601,100,title 601,32,1,http://dummyimage.com/163x100.png/dddddd/000000
602,10,title 602,50,5,http://dummyimage.com/210x100.png/dddddd/000000
603,6,title 603,45,5,http://dummyimage.com/164x100.png/dddddd/000000
604,86,title 604,45,3,http://dummyimage.com/238x100.png/dddddd/000000
605,69,title 605,13,2,http://dummyimage.com/114x100.png/5fa2dd/ffffff
606,3,title 606,24,3,http://dummyimage.com/106x100.png/cc0000/ffffff
607,32,title 607,12,4,http://dummyimage.com/199x100.png/ff4444/ffffff
608,35,title 608,42,1,http://dummyimage.com/130x100.png/cc0000/ffffff
609,31,title 609,22,5,http://dummyimage.com/231x100.png/cc0000/ffffff
610,91,title 610,13,3,http://dummyimage.com/250x100.png/dddddd/000000
611,58,title 611,19,3,http://dummyimage.com/141x100.png/cc0000/ffffff
612,46,title 612,5,4,http://dummyimage.com/134x100.png/dddddd/000000
613,84,title 613,40,2,http://dummyimage.com/228x100.png/cc0000/ffffff
614,40,title 614,31,1,http://dummyimage.com/224x100.png/5fa2dd/ffffff
615,38,title 615,47,1,http://dummyimage.com/149x100.png/5fa2dd/ffffff
616,95,title 616,9,3,http://dummyimage.com/189x100.png/cc0000/ffffff
617,30,title 617,20,2,http://dummyimage.com/156x100.png/dddddd/000000
618,67,title 618,14,4,http://dummyimage.com/205x100.png/5fa2dd/ffffff
619,19,title 619,11,3,http://dummyimage.com/194x100.png/cc0000/ffffff
620,47,title 620,35,5,http://dummyimage.com/243x100.png/dddddd/000000
621,18,title 621,18,4,http://dummyimage.com/105x100.png/ff4444/ffffff
622,63,title 622,31,3,http://dummyimage.com/195x100.png/dddddd/000000
623,7,title 623,7,3,http://dummyimage.com/238x100.png/ff4444/ffffff
624,99,title 624,2,3,http://dummyimage.com/152x100.png/ff4444/ffffff
625,67,title 625,14,2,http://dummyimage.com/204x100.png/dddddd/000000
626,53,title 626,10,4,http://dummyimage.com/157x100.png/5fa2dd/ffffff
627,59,title 627,48,3,http://dummyimage.com/189x100.png/cc0000/ffffff
628,27,title 628,28,5,http://dummyimage.com/128x100.png/dddddd/000000
629,92,title 629,4,3,http://dummyimage.com/126x100.png/cc0000/ffffff
630,28,title 630,9,1,http://dummyimage.com/187x100.png/cc0000/ffffff
631,85,title 631,50,3,http://dummyimage.com/120x100.png/5fa2dd/ffffff
632,20,title 632,40,5,http://dummyimage.com/132x100.png/dddddd/000000
633,13,title 633,36,2,http://dummyimage.com/229x100.png/dddddd/000000
634,15,title 634,45,1,http://dummyimage.com/137x100.png/5fa2dd/ffffff
635,80,title 635,25,4,http://dummyimage.com/238x100.png/dddddd/000000
636,22,title 636,3,1,http://dummyimage.com/232x100.png/dddddd/000000
637,87,title 637,13,2,http://dummyimage.com/100x100.png/ff4444/ffffff
638,58,title 638,18,5,http://dummyimage.com/206x100.png/dddddd/000000
639,58,title 639,44,4,http://dummyimage.com/218x100.png/dddddd/000000
640,2,title 640,46,4,http://dummyimage.com/161x100.png/dddddd/000000
641,10,title 641,3,4,http://dummyimage.com/144x100.png/5fa2dd/ffffff
642,96,title 642,34,5,http://dummyimage.com/222x100.png/ff4444/ffffff
643,66,title 643,18,5,http://dummyimage.com/110x100.png/5fa2dd/ffffff
644,16,title 644,50,2,http://dummyimage.com/174x100.png/cc0000/ffffff
645,52,title 645,17,5,http://dummyimage.com/151x100.png/cc0000/ffffff
646,99,title 646,44,3,http://dummyimage.com/187x100.png/ff4444/ffffff
647,37,title 647,25,3,http://dummyimage.com/238x100.png/dddddd/000000
648,13,title 648,41,4,http://dummyimage.com/210x100.png/dddddd/000000
649,96,title 649,43,5,http://dummyimage.com/193x100.png/ff4444/ffffff
650,73,title 650,9,4,http://dummyimage.com/236x100.png/dddddd/000000
651,48,title 651,37,3,http://dummyimage.com/228x100.png/ff4444/ffffff
652,41,title 652,13,5,http://dummyimage.com/150x100.png/cc0000/ffffff
653,3,title 653,21,3,http://dummyimage.com/234x100.png/cc0000/ffffff
654,79,title 654,18,5,http://dummyimage.com/128x100.png/ff4444/ffffff
655,80,title 655,26,3,http://dummyimage.com/145x100.png/dddddd/000000
656,6,title 656,3,4,http://dummyimage.com/174x100.png/5fa2dd/ffffff
657,62,title 657,30,3,http://dummyimage.com/144x100.png/5fa2dd/ffffff
658,11,title 658,2,1,http://dummyimage.com/155x100.png/ff4444/ffffff
659,90,title 659,18,1,http://dummyimage.com/223x100.png/5fa2dd/ffffff
660,82,title 660,26,2,http://dummyimage.com/187x100.png/5fa2dd/ffffff
661,22,title 661,5,2,http://dummyimage.com/162x100.png/ff4444/ffffff
662,83,title 662,14,2,http://dummyimage.com/194x100.png/dddddd/000000
663,85,title 663,39,4,http://dummyimage.com/238x100.png/dddddd/000000
664,65,title 664,47,5,http://dummyimage.com/222x100.png/cc0000/ffffff
665,82,title 665,45,5,http://dummyimage.com/116x100.png/ff4444/ffffff
666,22,title 666,42,4,http://dummyimage.com/136x100.png/5fa2dd/ffffff
667,75,title 667,28,3,http://dummyimage.com/214x100.png/dddddd/000000
668,65,title 668,31,3,http://dummyimage.com/128x100.png/dddddd/000000
669,70,title 669,46,1,http://dummyimage.com/204x100.png/cc0000/ffffff
670,93,title 670,40,4,http://dummyimage.com/122x100.png/dddddd/000000
671,3,title 671,30,5,http://dummyimage.com/169x100.png/dddddd/000000
672,22,title 672,45,5,http://dummyimage.com/131x100.png/cc0000/ffffff
673,31,title 673,47,2,http://dummyimage.com/243x100.png/ff4444/ffffff
674,46,title 674,34,1,http://dummyimage.com/135x100.png/5fa2dd/ffffff
675,65,title 675,33,1,http://dummyimage.com/149x100.png/cc0000/ffffff
676,77,title 676,6,4,http://dummyimage.com/230x100.png/dddddd/000000
677,22,title 677,12,1,http://dummyimage.com/229x100.png/ff4444/ffffff
678,16,title 678,23,1,http://dummyimage.com/116x100.png/cc0000/ffffff
679,78,title 679,19,3,http://dummyimage.com/149x100.png/ff4444/ffffff
680,67,title 680,43,5,http://dummyimage.com/224x100.png/ff4444/ffffff
681,33,title 681,16,2,http://dummyimage.com/145x100.png/ff4444/ffffff
682,36,title 682,49,2,http://dummyimage.com/171x100.png/dddddd/000000
683,87,title 683,27,2,http://dummyimage.com/186x100.png/ff4444/ffffff
684,67,title 684,44,3,http://dummyimage.com/185x100.png/5fa2dd/ffffff
685,57,title 685,29,3,http://dummyimage.com/225x100.png/ff4444/ffffff
686,8,title 686,31,5,http://dummyimage.com/237x100.png/dddddd/000000
687,70,title 687,47,3,http://dummyimage.com/192x100.png/ff4444/ffffff
688,84,title 688,39,1,http://dummyimage.com/130x100.png/cc0000/ffffff
689,17,title 689,20,4,http://dummyimage.com/129x100.png/5fa2dd/ffffff
690,23,title 690,17,4,http://dummyimage.com/234x100.png/cc0000/ffffff
691,73,title 691,39,1,http://dummyimage.com/121x100.png/cc0000/ffffff
692,46,title 692,28,2,http://dummyimage.com/117x100.png/ff4444/ffffff
693,1,title 693,45,4,http://dummyimage.com/232x100.png/cc0000/ffffff
694,90,title 694,4,5,http://dummyimage.com/184x100.png/ff4444/ffffff
695,43,title 695,16,1,http://dummyimage.com/197x100.png/5fa2dd/ffffff
696,81,title 696,18,4,http://dummyimage.com/175x100.png/cc0000/ffffff
697,85,title 697,22,5,http://dummyimage.com/140x100.png/dddddd/000000
698,50,title 698,17,4,http://dummyimage.com/156x100.png/cc0000/ffffff
699,67,title 699,25,4,http://dummyimage.com/142x100.png/ff4444/ffffff
700,63,title 700,17,4,http://dummyimage.com/240x100.png/5fa2dd/ffffff
701,19,title 701,33,2,http://dummyimage.com/123x100.png/dddddd/000000
702,2,title 702,19,4,http://dummyimage.com/104x100.png/ff4444/ffffff
703,89,title 703,25,3,http://dummyimage.com/183x100.png/ff4444/ffffff
704,20,title 704,47,4,http://dummyimage.com/131x100.png/ff4444/ffffff
705,48,title 705,45,5,http://dummyimage.com/161x100.png/cc0000/ffffff
706,7,title 706,19,3,http://dummyimage.com/210x100.png/cc0000/ffffff
707,67,title 707,21,5,http://dummyimage.com/192x100.png/cc0000/ffffff
708,74,title 708,2,3,http://dummyimage.com/110x100.png/5fa2dd/ffffff
709,31,title 709,21,5,http://dummyimage.com/200x100.png/dddddd/000000
710,21,title 710,43,5,http://dummyimage.com/154x100.png/cc0000/ffffff
711,48,title 711,34,2,http://dummyimage.com/211x100.png/cc0000/ffffff
712,56,title 712,19,5,http://dummyimage.com/181x100.png/dddddd/000000
713,8,title 713,17,2,http://dummyimage.com/102x100.png/cc0000/ffffff
714,69,title 714,43,2,http://dummyimage.com/204x100.png/cc0000/ffffff
715,88,title 715,3,4,http://dummyimage.com/250x100.png/cc0000/ffffff
716,44,title 716,23,3,http://dummyimage.com/183x100.png/ff4444/ffffff
717,78,title 717,1,3,http://dummyimage.com/126x100.png/5fa2dd/ffffff
718,58,title 718,39,1,http://dummyimage.com/196x100.png/cc0000/ffffff
719,94,title 719,20,3,http://dummyimage.com/213x100.png/dddddd/000000
720,30,title 720,48,4,http://dummyimage.com/223x100.png/5fa2dd/ffffff
721,68,title 721,48,3,http://dummyimage.com/191x100.png/ff4444/ffffff
722,31,title 722,30,4,http://dummyimage.com/137x100.png/dddddd/000000
723,90,title 723,42,4,http://dummyimage.com/171x100.png/cc0000/ffffff
724,98,title 724,13,4,http://dummyimage.com/172x100.png/dddddd/000000
725,100,title 725,50,1,http://dummyimage.com/132x100.png/cc0000/ffffff
726,86,title 726,20,5,http://dummyimage.com/234x100.png/cc0000/ffffff
727,10,title 727,32,4,http://dummyimage.com/193x100.png/5fa2dd/ffffff
728,36,title 728,42,2,http://dummyimage.com/152x100.png/5fa2dd/ffffff
729,11,title 729,43,2,http://dummyimage.com/147x100.png/dddddd/000000
730,26,title 730,48,3,http://dummyimage.com/190x100.png/dddddd/000000
731,33,title 731,20,2,http://dummyimage.com/186x100.png/5fa2dd/ffffff
732,34,title 732,44,4,http://dummyimage.com/180x100.png/dddddd/000000
733,55,title 733,30,2,http://dummyimage.com/141x100.png/5fa2dd/ffffff
734,71,title 734,47,1,http://dummyimage.com/154x100.png/5fa2dd/ffffff
735,56,title 735,12,1,http://dummyimage.com/113x100.png/ff4444/ffffff
736,33,title 736,42,5,http://dummyimage.com/168x100.png/5fa2dd/ffffff
737,6,title 737,33,3,http://dummyimage.com/232x100.png/ff4444/ffffff
738,78,title 738,11,4,http://dummyimage.com/122x100.png/cc0000/ffffff
739,43,title 739,13,3,http://dummyimage.com/130x100.png/cc0000/ffffff
740,50,title 740,25,1,http://dummyimage.com/105x100.png/ff4444/ffffff
741,41,title 741,41,1,http://dummyimage.com/242x100.png/ff4444/ffffff
742,9,title 742,38,5,http://dummyimage.com/145x100.png/dddddd/000000
743,74,title 743,3,3,http://dummyimage.com/135x100.png/5fa2dd/ffffff
744,9,title 744,22,4,http://dummyimage.com/152x100.png/ff4444/ffffff
745,32,title 745,32,1,http://dummyimage.com/156x100.png/5fa2dd/ffffff
746,77,title 746,31,1,http://dummyimage.com/143x100.png/cc0000/ffffff
747,35,title 747,43,5,http://dummyimage.com/242x100.png/cc0000/ffffff
748,14,title 748,4,4,http://dummyimage.com/143x100.png/cc0000/ffffff
749,42,title 749,49,4,http://dummyimage.com/134x100.png/ff4444/ffffff
750,32,title 750,16,2,http://dummyimage.com/165x100.png/ff4444/ffffff
751,83,title 751,7,3,http://dummyimage.com/107x100.png/5fa2dd/ffffff
752,91,title 752,15,2,http://dummyimage.com/150x100.png/cc0000/ffffff
753,82,title 753,3,2,http://dummyimage.com/241x100.png/ff4444/ffffff
754,37,title 754,23,5,http://dummyimage.com/188x100.png/ff4444/ffffff
755,98,title 755,27,3,http://dummyimage.com/196x100.png/dddddd/000000
756,32,title 756,6,4,http://dummyimage.com/229x100.png/dddddd/000000
757,86,title 757,33,2,http://dummyimage.com/231x100.png/ff4444/ffffff
758,57,title 758,23,4,http://dummyimage.com/103x100.png/dddddd/000000
759,21,title 759,22,1,http://dummyimage.com/169x100.png/cc0000/ffffff
760,6,title 760,22,5,http://dummyimage.com/142x100.png/5fa2dd/ffffff
761,70,title 761,27,4,http://dummyimage.com/249x100.png/ff4444/ffffff
762,82,title 762,10,4,http://dummyimage.com/148x100.png/dddddd/000000
763,50,title 763,3,1,http://dummyimage.com/154x100.png/ff4444/ffffff
764,44,title 764,36,1,http://dummyimage.com/131x100.png/cc0000/ffffff
765,60,title 765,6,3,http://dummyimage.com/230x100.png/dddddd/000000
766,90,title 766,6,5,http://dummyimage.com/229x100.png/ff4444/ffffff
767,54,title 767,24,1,http://dummyimage.com/223x100.png/ff4444/ffffff
768,21,title 768,11,2,http://dummyimage.com/105x100.png/ff4444/ffffff
769,19,title 769,30,3,http://dummyimage.com/153x100.png/5fa2dd/ffffff
770,3,title 770,25,1,http://dummyimage.com/227x100.png/cc0000/ffffff
771,8,title 771,19,5,http://dummyimage.com/193x100.png/5fa2dd/ffffff
772,49,title 772,30,2,http://dummyimage.com/109x100.png/dddddd/000000
773,21,title 773,19,1,http://dummyimage.com/138x100.png/ff4444/ffffff
774,50,title 774,49,4,http://dummyimage.com/210x100.png/5fa2dd/ffffff
775,50,title 775,46,4,http://dummyimage.com/158x100.png/ff4444/ffffff
776,93,title 776,1,3,http://dummyimage.com/248x100.png/cc0000/ffffff
777,54,title 777,41,1,http://dummyimage.com/247x100.png/5fa2dd/ffffff
778,59,title 778,18,2,http://dummyimage.com/246x100.png/5fa2dd/ffffff
779,9,title 779,31,3,http://dummyimage.com/163x100.png/ff4444/ffffff
780,62,title 780,4,4,http://dummyimage.com/164x100.png/ff4444/ffffff
781,91,title 781,30,5,http://dummyimage.com/152x100.png/cc0000/ffffff
782,47,title 782,32,1,http://dummyimage.com/146x100.png/ff4444/ffffff
783,34,title 783,2,5,http://dummyimage.com/185x100.png/ff4444/ffffff
784,18,title 784,47,4,http://dummyimage.com/236x100.png/dddddd/000000
785,51,title 785,7,2,http://dummyimage.com/115x100.png/ff4444/ffffff
786,73,title 786,40,1,http://dummyimage.com/238x100.png/5fa2dd/ffffff
787,45,title 787,1,5,http://dummyimage.com/106x100.png/dddddd/000000
788,54,title 788,8,5,http://dummyimage.com/227x100.png/cc0000/ffffff
789,35,title 789,10,3,http://dummyimage.com/148x100.png/dddddd/000000
790,43,title 790,8,1,http://dummyimage.com/156x100.png/5fa2dd/ffffff
791,87,title 791,41,2,http://dummyimage.com/185x100.png/ff4444/ffffff
792,63,title 792,15,2,http://dummyimage.com/202x100.png/dddddd/000000
793,42,title 793,42,1,http://dummyimage.com/192x100.png/cc0000/ffffff
794,32,title 794,41,1,http://dummyimage.com/244x100.png/cc0000/ffffff
795,36,title 795,47,2,http://dummyimage.com/137x100.png/5fa2dd/ffffff
796,13,title 796,15,2,http://dummyimage.com/236x100.png/ff4444/ffffff
797,32,title 797,18,2,http://dummyimage.com/197x100.png/5fa2dd/ffffff
798,32,title 798,8,2,http://dummyimage.com/133x100.png/cc0000/ffffff
799,76,title 799,44,3,http://dummyimage.com/214x100.png/dddddd/000000
800,46,title 800,27,1,http://dummyimage.com/106x100.png/cc0000/ffffff
801,99,title 801,41,1,http://dummyimage.com/147x100.png/5fa2dd/ffffff
802,28,title 802,36,2,http://dummyimage.com/139x100.png/dddddd/000000
803,54,title 803,18,4,http://dummyimage.com/127x100.png/dddddd/000000
804,47,title 804,18,5,http://dummyimage.com/243x100.png/ff4444/ffffff
805,48,title 805,41,4,http://dummyimage.com/119x100.png/ff4444/ffffff
806,65,title 806,16,2,http://dummyimage.com/223x100.png/cc0000/ffffff
807,7,title 807,17,2,http://dummyimage.com/178x100.png/cc0000/ffffff
808,80,title 808,9,1,http://dummyimage.com/205x100.png/cc0000/ffffff
809,14,title 809,18,3,http://dummyimage.com/116x100.png/5fa2dd/ffffff
810,18,title 810,7,5,http://dummyimage.com/162x100.png/cc0000/ffffff
811,86,title 811,38,2,http://dummyimage.com/197x100.png/cc0000/ffffff
812,63,title 812,48,2,http://dummyimage.com/236x100.png/ff4444/ffffff
813,78,title 813,47,3,http://dummyimage.com/119x100.png/5fa2dd/ffffff
814,52,title 814,27,2,http://dummyimage.com/138x100.png/dddddd/000000
815,97,title 815,27,1,http://dummyimage.com/233x100.png/ff4444/ffffff
816,49,title 816,4,3,http://dummyimage.com/172x100.png/5fa2dd/ffffff
817,97,title 817,21,2,http://dummyimage.com/182x100.png/5fa2dd/ffffff
818,44,title 818,14,5,http://dummyimage.com/142x100.png/ff4444/ffffff
819,67,title 819,8,5,http://dummyimage.com/136x100.png/ff4444/ffffff
820,64,title 820,7,1,http://dummyimage.com/240x100.png/5fa2dd/ffffff
821,84,title 821,47,2,http://dummyimage.com/110x100.png/dddddd/000000
822,69,title 822,7,4,http://dummyimage.com/105x100.png/dddddd/000000
823,58,title 823,31,1,http://dummyimage.com/113x100.png/ff4444/ffffff
824,57,title 824,42,1,http://dummyimage.com/117x100.png/5fa2dd/ffffff
825,28,title 825,47,2,http://dummyimage.com/117x100.png/ff4444/ffffff
826,58,title 826,15,5,http://dummyimage.com/168x100.png/5fa2dd/ffffff
827,3,title 827,43,3,http://dummyimage.com/233x100.png/cc0000/ffffff
828,11,title 828,6,5,http://dummyimage.com/231x100.png/dddddd/000000
829,100,title 829,41,3,http://dummyimage.com/168x100.png/dddddd/000000
830,92,title 830,26,1,http://dummyimage.com/214x100.png/ff4444/ffffff
831,93,title 831,33,2,http://dummyimage.com/230x100.png/cc0000/ffffff
832,64,title 832,38,2,http://dummyimage.com/181x100.png/cc0000/ffffff
833,31,title 833,27,5,http://dummyimage.com/222x100.png/5fa2dd/ffffff
834,23,title 834,16,4,http://dummyimage.com/201x100.png/cc0000/ffffff
835,51,title 835,17,3,http://dummyimage.com/146x100.png/dddddd/000000
836,63,title 836,2,4,http://dummyimage.com/187x100.png/cc0000/ffffff
837,75,title 837,32,4,http://dummyimage.com/180x100.png/ff4444/ffffff
838,30,title 838,15,3,http://dummyimage.com/189x100.png/ff4444/ffffff
839,24,title 839,40,2,http://dummyimage.com/227x100.png/cc0000/ffffff
840,33,title 840,33,2,http://dummyimage.com/220x100.png/dddddd/000000
841,43,title 841,47,4,http://dummyimage.com/181x100.png/cc0000/ffffff
842,8,title 842,10,3,http://dummyimage.com/102x100.png/dddddd/000000
843,95,title 843,7,3,http://dummyimage.com/225x100.png/5fa2dd/ffffff
844,35,title 844,46,5,http://dummyimage.com/179x100.png/5fa2dd/ffffff
845,60,title 845,37,2,http://dummyimage.com/245x100.png/cc0000/ffffff
846,28,title 846,16,3,http://dummyimage.com/181x100.png/dddddd/000000
847,21,title 847,31,1,http://dummyimage.com/120x100.png/cc0000/ffffff
848,79,title 848,30,4,http://dummyimage.com/230x100.png/ff4444/ffffff
849,19,title 849,32,4,http://dummyimage.com/205x100.png/dddddd/000000
850,75,title 850,36,4,http://dummyimage.com/182x100.png/cc0000/ffffff
851,8,title 851,6,2,http://dummyimage.com/120x100.png/ff4444/ffffff
852,76,title 852,4,1,http://dummyimage.com/247x100.png/dddddd/000000
853,24,title 853,13,2,http://dummyimage.com/217x100.png/cc0000/ffffff
854,82,title 854,40,2,http://dummyimage.com/237x100.png/dddddd/000000
855,33,title 855,3,3,http://dummyimage.com/151x100.png/ff4444/ffffff
856,12,title 856,2,4,http://dummyimage.com/177x100.png/cc0000/ffffff
857,92,title 857,40,4,http://dummyimage.com/122x100.png/5fa2dd/ffffff
858,50,title 858,1,5,http://dummyimage.com/161x100.png/dddddd/000000
859,27,title 859,33,5,http://dummyimage.com/225x100.png/dddddd/000000
860,86,title 860,38,2,http://dummyimage.com/194x100.png/cc0000/ffffff
861,99,title 861,11,4,http://dummyimage.com/231x100.png/cc0000/ffffff
862,16,title 862,24,2,http://dummyimage.com/121x100.png/dddddd/000000
863,98,title 863,48,4,http://dummyimage.com/178x100.png/5fa2dd/ffffff
864,26,title 864,21,5,http://dummyimage.com/170x100.png/5fa2dd/ffffff
865,72,title 865,21,5,http://dummyimage.com/198x100.png/ff4444/ffffff
866,30,title 866,31,3,http://dummyimage.com/218x100.png/5fa2dd/ffffff
867,75,title 867,19,4,http://dummyimage.com/166x100.png/ff4444/ffffff
868,5,title 868,47,3,http://dummyimage.com/210x100.png/cc0000/ffffff
869,60,title 869,29,1,http://dummyimage.com/233x100.png/cc0000/ffffff
870,10,title 870,27,3,http://dummyimage.com/156x100.png/cc0000/ffffff
871,39,title 871,1,3,http://dummyimage.com/228x100.png/5fa2dd/ffffff
872,78,title 872,48,2,http://dummyimage.com/148x100.png/ff4444/ffffff
873,60,title 873,36,1,http://dummyimage.com/160x100.png/ff4444/ffffff
874,70,title 874,32,1,http://dummyimage.com/231x100.png/ff4444/ffffff
875,50,title 875,40,5,http://dummyimage.com/217x100.png/cc0000/ffffff
876,91,title 876,14,4,http://dummyimage.com/167x100.png/cc0000/ffffff
877,43,title 877,31,2,http://dummyimage.com/165x100.png/dddddd/000000
878,13,title 878,25,1,http://dummyimage.com/170x100.png/ff4444/ffffff
879,17,title 879,5,5,http://dummyimage.com/156x100.png/dddddd/000000
880,37,title 880,50,2,http://dummyimage.com/187x100.png/ff4444/ffffff
881,18,title 881,26,3,http://dummyimage.com/240x100.png/dddddd/000000
882,71,title 882,43,1,http://dummyimage.com/228x100.png/dddddd/000000
883,59,title 883,10,3,http://dummyimage.com/171x100.png/ff4444/ffffff
884,96,title 884,34,4,http://dummyimage.com/161x100.png/ff4444/ffffff
885,15,title 885,21,3,http://dummyimage.com/101x100.png/dddddd/000000
886,65,title 886,14,5,http://dummyimage.com/176x100.png/5fa2dd/ffffff
887,51,title 887,35,4,http://dummyimage.com/223x100.png/cc0000/ffffff
888,24,title 888,31,1,http://dummyimage.com/167x100.png/cc0000/ffffff
889,28,title 889,49,4,http://dummyimage.com/206x100.png/5fa2dd/ffffff
890,85,title 890,25,4,http://dummyimage.com/207x100.png/5fa2dd/ffffff
891,38,title 891,34,2,http://dummyimage.com/228x100.png/dddddd/000000
892,39,title 892,27,2,http://dummyimage.com/119x100.png/ff4444/ffffff
893,75,title 893,21,2,http://dummyimage.com/217x100.png/5fa2dd/ffffff
894,95,title 894,33,5,http://dummyimage.com/125x100.png/ff4444/ffffff
895,32,title 895,44,1,http://dummyimage.com/132x100.png/dddddd/000000
896,66,title 896,49,2,http://dummyimage.com/220x100.png/ff4444/ffffff
897,46,title 897,6,2,http://dummyimage.com/173x100.png/ff4444/ffffff
898,14,title 898,39,4,http://dummyimage.com/216x100.png/5fa2dd/ffffff
899,50,title 899,15,3,http://dummyimage.com/164x100.png/dddddd/000000
900,67,title 900,50,1,http://dummyimage.com/227x100.png/ff4444/ffffff
901,52,title 901,13,5,http://dummyimage.com/197x100.png/cc0000/ffffff
902,34,title 902,48,4,http://dummyimage.com/182x100.png/ff4444/ffffff
903,100,title 903,42,4,http://dummyimage.com/137x100.png/cc0000/ffffff
904,77,title 904,25,3,http://dummyimage.com/168x100.png/ff4444/ffffff
905,90,title 905,13,1,http://dummyimage.com/134x100.png/5fa2dd/ffffff
906,44,title 906,30,3,http://dummyimage.com/189x100.png/ff4444/ffffff
907,36,title 907,40,1,http://dummyimage.com/230x100.png/ff4444/ffffff
908,78,title 908,24,4,http://dummyimage.com/113x100.png/cc0000/ffffff
909,57,title 909,17,2,http://dummyimage.com/196x100.png/cc0000/ffffff
910,8,title 910,47,2,http://dummyimage.com/193x100.png/5fa2dd/ffffff
911,99,title 911,46,2,http://dummyimage.com/153x100.png/5fa2dd/ffffff
912,96,title 912,14,1,http://dummyimage.com/113x100.png/5fa2dd/ffffff
913,1,title 913,44,2,http://dummyimage.com/166x100.png/ff4444/ffffff
914,1,title 914,17,4,http://dummyimage.com/154x100.png/ff4444/ffffff
915,73,title 915,10,4,http://dummyimage.com/116x100.png/cc0000/ffffff
916,63,title 916,3,2,http://dummyimage.com/239x100.png/ff4444/ffffff
917,81,title 917,5,2,http://dummyimage.com/246x100.png/dddddd/000000
918,80,title 918,7,3,http://dummyimage.com/135x100.png/ff4444/ffffff
919,60,title 919,16,2,http://dummyimage.com/221x100.png/dddddd/000000
920,92,title 920,4,4,http://dummyimage.com/179x100.png/dddddd/000000
921,81,title 921,10,2,http://dummyimage.com/247x100.png/5fa2dd/ffffff
922,55,title 922,14,3,http://dummyimage.com/123x100.png/dddddd/000000
923,4,title 923,49,1,http://dummyimage.com/146x100.png/5fa2dd/ffffff
924,24,title 924,50,4,http://dummyimage.com/168x100.png/5fa2dd/ffffff
925,87,title 925,34,4,http://dummyimage.com/128x100.png/ff4444/ffffff
926,46,title 926,1,2,http://dummyimage.com/115x100.png/ff4444/ffffff
927,45,title 927,50,3,http://dummyimage.com/192x100.png/5fa2dd/ffffff
928,6,title 928,33,2,http://dummyimage.com/174x100.png/5fa2dd/ffffff
929,41,title 929,44,2,http://dummyimage.com/230x100.png/dddddd/000000
930,79,title 930,18,2,http://dummyimage.com/170x100.png/dddddd/000000
931,62,title 931,10,1,http://dummyimage.com/217x100.png/cc0000/ffffff
932,14,title 932,29,3,http://dummyimage.com/122x100.png/5fa2dd/ffffff
933,25,title 933,23,4,http://dummyimage.com/205x100.png/ff4444/ffffff
934,67,title 934,37,3,http://dummyimage.com/199x100.png/ff4444/ffffff
935,96,title 935,45,4,http://dummyimage.com/181x100.png/ff4444/ffffff
936,35,title 936,26,3,http://dummyimage.com/221x100.png/ff4444/ffffff
937,72,title 937,21,1,http://dummyimage.com/140x100.png/cc0000/ffffff
938,52,title 938,10,4,http://dummyimage.com/196x100.png/dddddd/000000
939,88,title 939,5,1,http://dummyimage.com/137x100.png/cc0000/ffffff
940,53,title 940,2,5,http://dummyimage.com/232x100.png/cc0000/ffffff
941,54,title 941,40,1,http://dummyimage.com/199x100.png/dddddd/000000
942,20,title 942,21,2,http://dummyimage.com/188x100.png/dddddd/000000
943,15,title 943,38,2,http://dummyimage.com/147x100.png/dddddd/000000
944,55,title 944,47,2,http://dummyimage.com/158x100.png/ff4444/ffffff
945,82,title 945,17,5,http://dummyimage.com/159x100.png/dddddd/000000
946,74,title 946,6,3,http://dummyimage.com/123x100.png/cc0000/ffffff
947,96,title 947,26,5,http://dummyimage.com/185x100.png/cc0000/ffffff
948,61,title 948,43,5,http://dummyimage.com/101x100.png/ff4444/ffffff
949,25,title 949,48,2,http://dummyimage.com/210x100.png/ff4444/ffffff
950,50,title 950,1,2,http://dummyimage.com/168x100.png/5fa2dd/ffffff
951,21,title 951,4,2,http://dummyimage.com/177x100.png/cc0000/ffffff
952,78,title 952,10,2,http://dummyimage.com/141x100.png/ff4444/ffffff
953,88,title 953,37,5,http://dummyimage.com/224x100.png/cc0000/ffffff
954,67,title 954,29,5,http://dummyimage.com/218x100.png/dddddd/000000
955,46,title 955,1,5,http://dummyimage.com/225x100.png/dddddd/000000
956,14,title 956,49,2,http://dummyimage.com/179x100.png/cc0000/ffffff
957,46,title 957,25,5,http://dummyimage.com/168x100.png/dddddd/000000
958,74,title 958,38,3,http://dummyimage.com/221x100.png/cc0000/ffffff
959,28,title 959,8,1,http://dummyimage.com/206x100.png/dddddd/000000
960,98,title 960,31,3,http://dummyimage.com/148x100.png/dddddd/000000
961,56,title 961,19,4,http://dummyimage.com/151x100.png/ff4444/ffffff
962,83,title 962,35,3,http://dummyimage.com/184x100.png/dddddd/000000
963,84,title 963,11,5,http://dummyimage.com/139x100.png/ff4444/ffffff
964,10,title 964,32,1,http://dummyimage.com/122x100.png/dddddd/000000
965,48,title 965,18,2,http://dummyimage.com/246x100.png/5fa2dd/ffffff
966,55,title 966,48,5,http://dummyimage.com/241x100.png/5fa2dd/ffffff
967,71,title 967,19,2,http://dummyimage.com/131x100.png/dddddd/000000
968,79,title 968,46,4,http://dummyimage.com/113x100.png/dddddd/000000
969,18,title 969,22,3,http://dummyimage.com/211x100.png/ff4444/ffffff
970,71,title 970,50,1,http://dummyimage.com/172x100.png/5fa2dd/ffffff
971,32,title 971,21,3,http://dummyimage.com/236x100.png/cc0000/ffffff
972,100,title 972,19,5,http://dummyimage.com/224x100.png/5fa2dd/ffffff
973,41,title 973,26,4,http://dummyimage.com/117x100.png/5fa2dd/ffffff
974,77,title 974,8,1,http://dummyimage.com/222x100.png/ff4444/ffffff
975,43,title 975,43,1,http://dummyimage.com/120x100.png/dddddd/000000
976,93,title 976,27,5,http://dummyimage.com/198x100.png/5fa2dd/ffffff
977,11,title 977,33,4,http://dummyimage.com/135x100.png/cc0000/ffffff
978,56,title 978,5,1,http://dummyimage.com/111x100.png/cc0000/ffffff
979,75,title 979,2,5,http://dummyimage.com/152x100.png/5fa2dd/ffffff
980,19,title 980,49,5,http://dummyimage.com/149x100.png/ff4444/ffffff
981,17,title 981,14,1,http://dummyimage.com/165x100.png/5fa2dd/ffffff
982,12,title 982,24,3,http://dummyimage.com/100x100.png/cc0000/ffffff
983,14,title 983,19,1,http://dummyimage.com/126x100.png/ff4444/ffffff
984,69,title 984,36,4,http://dummyimage.com/158x100.png/cc0000/ffffff
985,35,title 985,38,3,http://dummyimage.com/237x100.png/5fa2dd/ffffff
986,26,title 986,11,4,http://dummyimage.com/187x100.png/dddddd/000000
987,70,title 987,23,4,http://dummyimage.com/108x100.png/ff4444/ffffff
988,86,title 988,34,3,http://dummyimage.com/233x100.png/5fa2dd/ffffff
989,51,title 989,1,1,http://dummyimage.com/104x100.png/dddddd/000000
990,14,title 990,12,4,http://dummyimage.com/188x100.png/5fa2dd/ffffff
991,71,title 991,9,4,http://dummyimage.com/151x100.png/dddddd/000000
992,79,title 992,19,1,http://dummyimage.com/244x100.png/5fa2dd/ffffff
993,40,title 993,35,1,http://dummyimage.com/151x100.png/ff4444/ffffff
994,88,title 994,42,3,http://dummyimage.com/169x100.png/cc0000/ffffff
995,47,title 995,20,5,http://dummyimage.com/239x100.png/5fa2dd/ffffff
996,36,title 996,6,3,http://dummyimage.com/226x100.png/ff4444/ffffff
997,25,title 997,18,1,http://dummyimage.com/203x100.png/cc0000/ffffff
998,62,title 998,30,3,http://dummyimage.com/104x100.png/ff4444/ffffff
999,100,title 999,45,3,http://dummyimage.com/166x100.png/dddddd/000000
1000,69,title 1000,4,3,http://dummyimage.com/229x100.png/5fa2dd/ffffff
